Nos,Contents,Punishment,Remark
12條1項1款,未領用牌照行駛,3600~10800,並禁止其行駛，未依公路法規定取得安全審驗合格證明之車輛並沒入之。
12條1項2款,拼裝車輛，未經核准領用牌證行駛,3600~10800,並禁止其行駛，車輛並沒入之。
12條1項2款,拼裝車輛已領用牌證而變更原登檢規格不依原規定用途行駛,3600~10800,並禁止其行駛，車輛並沒入之。
12條1項3款,使用偽造、變造或矇領之牌照,3600~10800,並禁止其行駛，牌照扣繳。
12條1項4款,使用吊銷、註銷之牌照,3600~10800,並禁止其行駛，牌照扣繳，汽車當場移置保管，並通知汽車所有人限期領回。
12條1項5款,牌照借供他車使用或使用他車牌照,3600~10800,並禁止其行駛，牌照吊銷。
12條1項6款,牌照吊扣期間行駛,3600~10800,並禁止其行駛，牌照吊銷，汽車當場移置保管，並通知汽車所有人限期領回。
12條1項7款,已領有號牌而未懸掛或不依指定位置懸掛,3600~10800,並禁止其行駛，牌照吊銷。
12條1項8款,牌照業經繳銷、報停、吊銷、註銷，無牌照仍行駛,3600~10800,並禁止其行駛，車輛當場移置保管，並通知汽車所有人限期領回之。
12條1項9款,報廢登記之汽車仍行駛,3600~10800,並禁止其行駛，車輛並沒入之。
12條1項10款,號牌遺失不報請公路主管機關補發，經舉發後仍不辦理而行駛,3600~10800,(無)
12條4項,汽車未領用有效牌照於道路停車,3600~10800,汽車並當場移置保管及扣繳其牌照。
12條4項,汽車懸掛他車號牌或未懸掛號牌於道路停車,3600~10800,汽車並當場移置保管及扣繳其牌照。
13條1款,損毀或變造汽車牌照、塗抹污損牌照，或以安裝其他器具之方式，使不能辨認其牌號,2400~4800,並責令申請換領牌照或改正。
13條2款,塗改客、貨車身標明之載客人數、載重量、總重量或總聯結重量，與原核定數量不符,2400~4800,並責令改正。
13條3款,引擎號碼或車身號碼，與原登記位置或模型不符,2400~4800,並責令申請換領牌照或改正。
14條2項1款,牌照遺失或破損，不報請公路主管機關補發、換發或重新申請,300~600,責令改正、補發牌照或禁止其行駛。
14條2項2款,號牌污穢，不洗刷清楚或為他物遮蔽，非行車途中因遇雨，雪道路泥濘所致（可勸導）,300~600,責令改正、補發牌照或禁止其行駛。
15條1項1款,經通知而不依規定期限換領號牌，又未申請延期，仍使用,900~1800,經再通知後逾期仍不換領號牌，其牌照應予註銷。
15條1項2款,領用試車或臨時牌照，期滿未繳還,900~1800,牌照應扣繳註銷。
15條1項3款,領用試車或臨時牌照，載運客貨，收費營業,900~1800,牌照應扣繳註銷。
15條1項4款,領用試車牌照，不在指定路線或區域內試車,900~1800,應責令改正。
15條1項5款,行車執照及拖車使用證有效期屆滿，不依規定換領而行駛,900~1800,牌照應扣繳並責令換領。
16條1項1款,各項異動，不依規定申報登記,900~1800,並應責令改正。
16條1項2款,除頭燈外之燈光、雨刮、喇叭、照後鏡、排氣管、消音器設備不全，或損壞不予修復，或擅自增、減、變更原有規格致影響行車安全,900~1800,並應責令改正。
16條1項3款,未依規定於車身標明指定標識,900~1800,並應責令改正。
16條1項4款,計程車，未依規定裝置自動計費器、車頂燈、執業登記證插座或在前、後兩邊玻璃門上，黏貼不透明反光紙,900~1800,並應責令改正，反光紙並應撤除。
16條1項5款,裝置高音量喇叭或其他產生噪音器物者,1800,除應依最高額處罰外，其高音量喇叭或噪音器物並應沒入。
17條1項,汽車不依限期參加定期檢驗或臨時檢驗,900~1800,"一、逾期一個月以上者並吊扣其牌照，至檢驗合格後發還，逾期六個月以上者，註銷其牌照。
二、經檢驗不合格之汽車，於一個月內仍未修復並申請覆驗，或覆驗仍不合格者，吊扣其牌照。"
18條,汽車車身、引擎、底盤、電系等重要設備因交通事故遭受重大損壞修復後不申請公路主管機關施行臨時檢驗而行駛,2400~9600,一、並責令其檢驗。汽車所有人在一年內違反本條第一項規定二次以上者，並吊扣牌照三個月；三年內經吊扣牌照二次，再違反前項規定者，吊銷牌照。
18條,汽車車身、引擎、底盤、電系等重要設備變更或調換，不申請公路主管機關施行臨時檢驗而行駛,2400~9600,並責令其檢驗。汽車所有人在一年內違反本條第一項規定二次以上者，並吊扣牌照三個月；三年內經吊扣牌照二次，再違反前項規定者，吊銷牌照。
18-1條1項,汽車未依規定裝設行車紀錄器及行車視野輔助系統,12000~24000,第四項：應責令其參加臨時檢驗。
18-1條2項,汽車裝設之行車紀錄器及行車視野輔助系統無法正常運作，未於行車前改善，仍繼續行車,9000~18000,第四項：應責令其參加臨時檢驗。
18-1條3項,未依規定保存行車紀錄器之紀錄資料或未依規定使用、不當使用行車紀錄器致無法正確記錄資料,9000~12000,除未依規定保存行車紀錄器之紀錄資料外，應責令其參加臨時檢驗。
19條,汽車煞車，未調整完妥靈活有效，或方向盤未保持穩定準確，仍准駕駛人使用,1800~3600,並責令調整或修復。
20條,汽車引擎、底盤、電系、車門損壞，行駛時顯有危險而不即行停駛修復,1800~3600,並扣留其牌照，責令修復檢驗合格後發還之。檢驗不合格，經確認不堪使用者，責令報廢。
21條1項1款,未領有駕駛執照駕駛小型車或機車,6000~12000,並當場禁止其駕駛。未滿十八歲之人，違反第一項、第一款規定者，汽車駕駛人及其法定代理人或監護人，應同時施以道路交通安全講習。
21條1項2款,領有機車駕駛執照，駕駛小型車,6000~12000,並當場禁止其駕駛。
21條1項3款,使用偽造、變造或矇領之駕駛執照駕駛小型車或機車,6000~12000,"一、並當場禁止其駕駛。
二、未滿十八歲之人，違反第一項、第三款規定者，汽車駕駛人及其法定代理人或監護人，應同時施以道路交通安全講習。"
21條1項4款,駕駛執照業經吊銷、註銷仍駕駛小型車或機車,6000~12000,並當場禁止其駕駛，駕駛執照應扣繳之。
21條1項5款,駕駛執照吊扣期間駕駛小型車或機車,6000~12000,當場禁止其駕駛，並吊銷駕駛執照。
21條1項6款,領有學習駕駛證，而無領有駕駛執照之駕駛人在旁指導，在駕駛學習場外學習駕車。,6000~12000,並當場禁止其駕駛。
21條1項7款,領有學習駕駛證，在駕駛學習場外未經許可之學習駕駛道路或規定時間駕車。,6000~12000,並當場禁止其駕駛。
21條1項8款,未領有駕駛執照，以教導他人學習駕車為業,6000~12000,並當場禁止其駕駛。
21條1項9款,其他未依駕駛執照之持照條件規定駕車,6000~12000,並當場禁止其駕駛。
21條3項,未滿十八歲之人，違反第二十一條第一項、第一款或第三款規定者，汽車駕駛人及其法定代理人或監護人，應同時施以道路交通安全講習。,道路交通安全講習,道路交通安全講習
21條5項,汽車所有人允許第二十一條第一項、第一款至第五款之違規駕駛人駕駛其汽車,依第1項規定之罰鍰處罰,"一、並記該汽車違規紀錄一次。
二、但如其已善盡查證駕駛人駕駛執照資格之注意，或縱加以相當注意而仍不免發生違規者，不在此限。"
21-1條1項1款,未領有駕駛執照駕駛聯結車、大客車、大貨車,40000~80000,"一、並當場禁止其駕駛，汽車所有人及駕駛人各處罰鍰，並記該汽車違規紀錄一次。
二、汽車所有人如已善盡查證駕駛人駕駛執照資格之注意，或縱加以相當之注意而仍不免發生違規者，汽車所有人不受本條之處罰。"
21-1條1項2款,領有機車駕駛執照駕駛聯結車、大客車、大貨車其汽車所有人及駕駛人各處罰鍰,40000~80000,"一、並當場禁止其駕駛，汽車所有人及駕駛人各處罰鍰，並記該汽車違規紀錄一次。
二、汽車所有人如已善盡查證駕駛人駕駛執照資格之注意，或縱加以相當之注意而仍不免發生違規者，汽車所有人不受本條之處罰。"
21-1條1項3款,領有小型車駕駛執照駕駛聯結車、大客車、大貨車,40000~80000,"一、並當場禁止其駕駛，汽車所有人及駕駛人各處罰鍰，並記該汽車違規紀錄一次。
二、汽車所有人如已善盡查證駕駛人駕駛執照資格之注意，或縱加以相當之注意而仍不免發生違規者，汽車所有人不受本條之處罰。"
21-1條1項4款,領有大貨車駕駛執照，駕駛大客車、聯結車或持大客車駕駛執照，駕駛聯結車,40000~80000,"一、並當場禁止其駕駛，汽車所有人及駕駛人各處罰鍰，並記該汽車違規紀錄一次。
二、汽車所有人如已善盡查證駕駛人駕駛執照資格之注意，或縱加以相當之注意而仍不免發生違規者，汽車所有人不受本條之處罰。"
21-1條1項5款,駕駛執照業經吊銷、註銷仍駕駛聯結車、大客車、大貨車,40000~80000,"一、並當場禁止其駕駛，駕駛執照應扣繳之。
二、汽車所有人及駕駛人各處罰鍰，並記該汽車違規紀錄一次。
三、汽車所有人如已善盡查證駕駛人駕駛執照資格之注意，或縱加以相當之注意而仍不免發生違規者，汽車所有人不受本條之處罰。"
21-1條1項6款,使用偽造、變造或矇領之駕駛執照駕駛聯結車、大客車、大貨車,40000~80000,"一、並當場禁止其駕駛，駕駛執照應扣繳之。
二、汽車所有人及駕駛人各處罰鍰，並記該汽車違規紀錄一次。
三、汽車所有人如已善盡查證駕駛人駕駛執照資格之注意，或縱加以相當之注意而仍不免發生違規者，汽車所有人不受本條之處罰。"
21-1條1項7款,駕駛執照吊扣期間駕駛聯結車、大客車、大貨車,40000~80000,"一、當場禁止其駕駛，並吊銷駕駛執照。
二、汽車所有人及駕駛人各處罰鍰，並記該汽車違規紀錄一次。
三、汽車所有人如已善盡查證駕駛人駕駛執照資格之注意，或縱加以相當之注意而仍不免發生違規者，汽車所有人不受本條之處罰。"
22條1項1款,領有普通駕駛執照，駕駛營業汽車營業,1800~3600,禁止其駕駛。
22條1項2款,領有普通駕駛執照，以駕駛為職業,1800~3600,禁止其駕駛。
22條1項3款,領有軍用車駕駛執照，駕駛非軍用車,1800~3600,禁止其駕駛。
22條1項4款,領有聯結車、大客車、大貨車或小型車駕駛執照，駕駛重型機車,1800~3600,禁止其駕駛。
22條1項5款,領有普通重型機車駕駛執照，駕駛大型重型機車,1800~3600,禁止其駕駛。
22條1項6款,領有輕型機車駕駛執照，駕駛重型機車,1800~3600,禁止其駕駛。
22條1項7款,駕駛執照逾有效期間仍駕車,1800~3600,並禁止其駕駛，駕駛執照應扣繳之。
22條3項,汽車所有人允許第二十二條第一項違規駕駛人駕駛其汽車,除依第1項規定之罰鍰處罰外,"一、並記該汽車違規紀錄一次。
二、但如其已善盡查證駕駛人駕駛執照資格之注意，或縱加以相當注意而仍不免發生違規者，不在此限。"
23條1款,將駕駛執照借供他人駕車,吊扣其駕駛執照3個月,(無)
23條2款,允許無駕駛執照之人，駕駛其車輛,吊扣其駕駛執照3個月,(無)
24條3項前段,汽車駕駛人或依本條例明定應接受道路交通安全講習者，無正當理由，不依規定接受道路交通安全講習,1800,再通知依限參加道路交通安全講習。
24條3項後段,汽車駕駛人或依本條例明定應接受道路交通安全講習者，經再通知依限參加講習，逾期六個月以上仍不參加,吊扣駕駛執照6個月,如無駕駛執照可吊扣者，其於重領或新領駕駛執照後，執行吊扣駕駛執照六個月再發給。
25條2項1款,姓名、出生年、月、日、住址，依法更改而不報請變更登記（可勸導）,300~600,並責令補辦登記、補照、換照或禁止駕駛。
25條2項2款,駕駛執照遺失或損毀，不報請公路主管機關補發或依限期申請換發（可勸導）,300~600,並責令補辦登記、補照、換照或禁止駕駛。
26條,職業汽車駕駛人，不依規定期限，參加駕駛執照審驗,300~600,"一、逾期一年以上者，逕行註銷其駕駛執照。
二、經逕行註銷駕駛執照之職業汽車駕駛人，得申請換發同等車類之普通駕駛執照。"
27條1項,汽車行駛於應繳費之公路或橋樑，汽車所有人或駕駛人未繳費，經主管機關應書面通知補繳，逾期再不繳納,300,(無)
27條2項,汽車行駛於應繳費之公路，強行闖越收費站逃避繳費,3000~6000,"一、並追繳欠費。
二、第三項：汽車駕駛人逃避繳費，致收費人員受傷或死亡者，吊銷其駕駛執照。"
29條1項1款,汽車裝載貨物超過規定之長度、寬度、高度,3000~18000,"一、並責令改正或禁止通行。並記該汽車違規紀錄一次。
二、第二項：汽車駕駛人因而致人受傷者，吊扣其駕駛執照一年；致人重傷或死亡者，吊銷其駕駛執照。"
29條1項2款,汽車裝載整體物品有超重、超長、超寬、超高，而未請領臨時通行證，或未懸掛危險標識,3000~18000,"一、並責令改正或禁止通行。並記該汽車違規紀錄一次。
二、第二項：汽車駕駛人因而致人受傷者，吊扣其駕駛執照一年；致人重傷或死亡者，吊銷其駕駛執照。"
29條1項3款,汽車裝載危險物品，未請領臨時通行證、罐槽車之罐槽體未檢驗合格、運送人員未經專業訓練合格,3000~18000,"一、並責令改正或禁止通行。並記該汽車違規紀錄一次。
二、第二項：汽車駕駛人因而致人受傷者，吊扣其駕駛執照一年；致人重傷或死亡者，吊銷其駕駛執照。"
29條1項3款,汽車裝載危險物品，未依規定懸掛或黏貼危險物品標誌及標示牌或不遵守有關安全之規定,3000~18000,"一、並責令改正或禁止通行。並記該汽車違規紀錄一次。
二、第二項：汽車駕駛人因而致人受傷者，吊扣其駕駛執照一年；致人重傷或死亡者，吊銷其駕駛執照。"
29條1項4款,貨車或聯結汽車之裝載，不依規定,3000~18000,"一、並責令改正或禁止通行。並記該汽車違規紀錄一次。
二、第二項：汽車駕駛人因而致人受傷者，吊扣其駕駛執照一年；致人重傷或死亡者，吊銷其駕駛執照。"
29條1項5款,汽車牽引拖架或附掛拖車，不依規定,3000~18000,"一、並責令改正或禁止通行。
二、第二項：汽車駕駛人因而致人受傷者，吊扣其駕駛執照一年；致人重傷或死亡者，吊銷其駕駛執照。"
29條1項6款,大貨車裝載貨櫃超出車身之外，或未依規定裝置聯鎖設備,3000~18000,"一、並責令改正或禁止通行。
二、第二項：汽車駕駛人因而致人受傷者，吊扣其駕駛執照一年；致人重傷或死亡者，吊銷其駕駛執照。"
29條1項7款,汽車未經核准，附掛拖車行駛,3000~18000,"一、並責令改正或禁止通行。
二、第二項：汽車駕駛人因而致人受傷者，吊扣其駕駛執照一年；致人重傷或死亡者，吊銷其駕駛執照。"
29條2項,第二十九條第一項、第一款至第四款應歸責汽車駕駛人,3000~18000,"一、汽車駕駛人記違規點數二點。
二、汽車所有人仍應記該汽車違規紀錄一次。
三、第三項：汽車駕駛人因而致人受傷者，吊扣其駕駛執照一年；致人重傷或死亡者，吊銷其駕駛執照。"
29-1條1項,載砂石、土方未依規定使用專用車廂或其專用車輛未合於規定或變更車廂,40000~80000,並當場禁止通行。
29-1條2項,前項專用車廂未合於規定或變更車廂者，並處車廂打造或改裝業者,40000~80000,(無)
29-2條1項,汽車裝載貨物超過核定之總重量、總聯結重量,10000,"一、並責令改正或禁止通行。
二、並記汽車違規紀錄一次。
三、汽車駕駛人因而致人受傷吊扣其駕駛執照一年；致人重傷或死亡者，吊銷其駕駛執照。
四、超載十公噸以下者，以總超載部分，每一公噸加罰新臺幣一千元；超載逾十公噸至二十公噸以下者，以總超載部分，每一公噸加罰新臺幣二千元；超載逾二十公噸至三十公噸以下者，以總超載部分，每一公噸加罰新臺幣三千元；超載逾三十公噸者，以總超載部分，每一公噸加罰新臺幣五千元。未滿一公噸以一公噸計算。"
29-2條2項,汽車裝載貨物超過所行駛橋樑規定之載重限制,10000,"一、並責令改正或禁止通行。
二、並記汽車違規紀錄一次。
三、汽車駕駛人因而致人受傷吊扣其駕駛執照一年；致人重傷或死亡者，吊銷其駕駛執照。
四、超載十公噸以下者，以總超載部分，每一公噸加罰新臺幣一千元；超載逾十公噸至二十公噸以下者，以總超載部分，每一公噸加罰新臺幣二千元；超載逾二十公噸至三十公噸以下者，以總超載部分，每一公噸加罰新臺幣三千元；超載逾三十公噸者，以總超載部分，每一公噸加罰新臺幣五千元。未滿一公噸以一公噸計算。"
29-2條4項,汽車裝載貨物行經設有地磅處所五公里內路段，未依標誌、標線、號誌指示或不服從交通勤務警察或依法令執行交通稽查任務人員之指揮過磅,90000,"一、並得強制過磅。
二、記違規點數二點。
三、應歸責汽車所有人時，記該汽車違規紀錄一次，汽車駕駛人仍應記違規點數。"
29-3條4項,危險物品運送人員專業訓練機構未依規定辦理訓練、核發訓練證明書或不遵守有關訓練之規定,停止其辦理訓練3個月至6個月或廢止該專業訓練機構之訓練許可,"一、未依規定核發之訓練證明書不生效力。
二、經廢止訓練許可之訓練機構，三年內不得再申請訓練許可。"
29-4條3項,常壓液態罐槽車罐槽體檢驗機構未依規定辦理罐槽體檢驗、核發檢驗合格證明書或不遵守有關檢驗之規定,停止其辦理檢驗3個月至6個月或廢止檢驗機構之檢驗許可,"一、未依規定核發之檢驗合格證明書不生效力。
二、經廢止檢驗許可之檢驗機構，三年內不得再申請檢驗許可。"
30條1項1款,裝載整體物品有超重、超長、超寬、超高情形，未隨車攜帶臨時通行證，或未依規定路線、時間行駛,3000~18000,"一、並責令改正或禁止通行。
二、應歸責於汽車所有人時，除依第一項處汽車所有人罰鍰及記該汽車違規紀錄一次外；汽車駕駛人仍應記違規點數二點。
三、第三項：汽車駕駛人因而致人受傷者，吊扣其駕駛執照一年；致人重傷或死亡者，吊銷其駕駛執照。"
30條1項2款,所載貨物滲漏、飛散、脫落、掉落或氣味惡臭,3000~18000,"一、並責令改正或禁止通行。
二、應歸責於汽車所有人時，除依第一項處汽車所有人罰鍰及記該汽車違規紀錄一次外；汽車駕駛人仍應記違規點數二點。
三、第三項：汽車駕駛人因而致人受傷者，吊扣其駕駛執照一年；致人重傷或死亡者，吊銷其駕駛執照。"
30條1項3款,貨車運送途中附載作業人員，超過規定人數，或乘坐不依規定,3000~18000,"一、並責令改正或禁止通行。
二、應歸責於汽車所有人時，依第一項處汽車所有人罰鍰及記該汽車違規紀錄一次。
三、第三項：汽車駕駛人因而致人受傷者，吊扣其駕駛執照一年；致人重傷或死亡者，吊銷其駕駛執照。"
30條1項4款,載運人數超過核定數額。但公共汽車於尖峰時刻載重未超過核定總重量，不在此限,3000~18000,"一、並責令改正或禁止通行。
二、應歸責於汽車所有人時，依第一項處汽車所有人罰鍰及記該汽車違規紀錄一次。
三、第三項：汽車駕駛人因而致人受傷者，吊扣其駕駛執照一年；致人重傷或死亡者，吊銷其駕駛執照。"
30條1項5款,小客車前座或貨車駕駛室乘人超過規定人數,3000~18000,"一、並責令改正或禁止通行。
二、應歸責於汽車所有人時，依第一項處汽車所有人罰鍰及記該汽車違規紀錄一次。
三、第三項：汽車駕駛人因而致人受傷者，吊扣其駕駛執照一年；致人重傷或死亡者，吊銷其駕駛執照。"
30條1項6款,車廂以外載客,3000~18000,"一、並責令改正或禁止通行。
二、應歸責於汽車所有人時，依第一項處汽車所有人罰鍰及記該汽車違規紀錄一次。
三、第三項：汽車駕駛人因而致人受傷者，吊扣其駕駛執照一年；致人重傷或死亡者，吊銷其駕駛執照。"
30條1項7款,載運人客、貨物不穩妥，行駛時顯有危險,3000~18000,"一、並責令改正或禁止通行。
二、應歸責於汽車所有人時，依第一項處汽車所有人罰鍰及記該汽車違規紀錄一次。
三、第三項：汽車駕駛人因而致人受傷者，吊扣其駕駛執照一年；致人重傷或死亡者，吊銷其駕駛執照。"
30條1項8款,裝載危險物品未隨車攜帶臨時通行證、罐槽車之罐槽體檢驗合格證明書、運送人員訓練證明書或未依規定車道、路線、時間行駛,3000~18000,"一、並責令改正或禁止通行。
二、應歸責於汽車所有人時，依第一項處汽車所有人罰鍰及記該汽車違規紀錄一次。
三、第三項：汽車駕駛人因而致人受傷者，吊扣其駕駛執照一年；致人重傷或死亡者，吊銷其駕駛執照。"
31條1項,四輪以上汽車行駛於一般道路上，其汽車駕駛人、前座或小型車後座乘客未依規定繫安全帶,1500,但營業大客車、計程車或租賃車輛代僱駕駛人已善盡告知義務，乘客仍未繫安全帶時，處罰該乘客。
31條2項,汽車行駛於高速公路或快速公路上，其汽車駕駛人、前座或小型車後座乘客未依規定繫安全帶,3000~6000,但營業大客車、計程車或租賃車輛代僱駕駛人已善盡告知義務，乘客仍未繫安全帶時，處罰該乘客。
31條3項,小型車附載幼童未依規定安置於安全椅,1500~3000,(無)
31條4項,汽車駕駛人對於六歲以下或需要特別看護之兒童，單獨留置於車內,3000,並施以四小時道路交通安全講習
31條5項,機車附載人員或物品未依規定（可勸導）,300~600,(無)
31條6項,機車駕駛人或附載座人未依規定戴安全帽,500,(無)
31-1條1項,汽車駕駛人於行駛道路時，以手持方式使用行動電話、電腦或其他相類功能裝置進行撥接、通話、數據通訊或其他有礙駕駛安全之行為,3000,(無)
31-1條2項,機車駕駛人行駛於道路時，以手持方式使用行動電話、電腦或其他相類功能裝置進行撥接、通話、數據通訊或其他有礙駕駛安全之行為,1000,(無)
31-1條3項,汽機車駕駛人行駛於道路，手持香菸、吸食、點燃香菸致有影響他人行車安全（可勸導）,600,(無)
32條1項,非屬汽車範圍而行駛於道路上之動力機械，未依規定請領臨時通行證，或其駕駛人未依規定領有駕駛執照,3000~9000,並禁止其行駛。
32條2項,動力機械駕駛人，未攜帶臨時通行證,300,並禁止其行駛。
32-1條,非屬汽車及動力機械範圍之動力載具、動力運動休閒器材或其他相類之動力器具，於道路上行駛或使用,1200~3600,並禁止行駛或使用。
33條1項1款,行駛高、快速公路行車速度超過規定之最高速限二十公里以上,3000~6000,"一、高速公路及快速公路交通管制規則第五條。
二、應記違規點數一點。"
33條1項2款,行駛高、快速公路未依規定與前車保持安全距離,3000~6000,"一、高速公路及快速公路交通管制規則第六條、第十六條第三款。
二、應記違規點數一點。"
33條1項3款,行駛高、快速公路未依規定行駛車道者－小型車未以規定之最高速度行駛內側車道,3000~6000,"一、高速公路及快速公路交通管制規則第八條。
二、應記違規點數一點。"
33條1項3款,行駛高、快速公路未依規定行駛車道者－慢速小型車及大型車違規行駛內側車道以外之車道,3000~6000,"一、高速公路及快速公路交通管制規則第八條。
二、慢速小型車指最高速限每小時九十公里以上之路段，行駛速率低於每小時八十公里之小型車。
三、應記違規點數一點。"
33條1項3款,行駛高、快速公路未依規定行駛車道－慢速小型車及大型車違規行駛內側車道,3000~6000,"一、高速公路及快速公路交通管制規則第八條。
二、慢速小型車指最高速限每小時九十公里以上之路段，行駛速率低於每小時八十公里之小型車。
三、應記違規點數一點。"
33條1項3款,行駛高、快速公路未依規定行駛車道－大型重型機車行駛快速公路，同車道併駛,3000~6000,"一、高速公路及快速公路交通管制規則第二十條第一款。
二、應記違規點數一點。"
33條1項4款,行駛高、快速公路未依規定變換車道,3000~6000,"一、高速公路及快速公路交通管制規則第十一條。
二、應記違規點數一點。"
33條1項5款,行駛高、快速公路車內有站立乘客,3000~6000,"一、高速公路及快速公路交通管制規則第九條第一項、第七款。
二、應記違規點數一點。"
33條1項6款,行駛高、快速公路不依規定使用燈光－同向前方一百公尺內有車輛行駛，仍使用遠光燈者或隧道內未開亮頭燈,3000~6000,"一、高速公路及快速公路交通管制規則第九條第一項、第九款、第十六條第一項、第一款。
二、應記違規點數一點。"
33條1項6款,行駛高、快速公路不依規定使用燈光－夜間未使用燈光,3000~6000,"一、高速公路及快速公路交通管制規則第九條第一項、第九款。
二、應記違規點數一點。"
33條1項6款,大型重型機車行駛高、快速公路，未開亮頭燈,3000~6000,"一、高速公路及快速公路交通管制規則第二十條第三款。
二、應記違規點數一點。"
33條1項7款,行駛高、快速公路違規超車、迴車、倒車,3000~6000,一、高速公路及快速公路交通管制規則第九條第一項、第一、三、四款。應記違規點數一點。
33條1項7款,行駛高、快速公路逆向行駛,3000~6000,"一、高速公路及快速公路交通管制規則第九條第一項、第一款。
二、應記違規點數一點。"
33條1項7款,大型重型機車行駛快速公路，同車道超車,3000~6000,"一、高速公路及快速公路交通管制規則第二十條第一款。
二、應記違規點數一點。"
33條1項8款,行駛高、快速公路違規減速－無故驟然減速,3000~6000,"一、高速公路及快速公路交通管制規則第十條。
二、應記違規點數一點。"
33條1項8款,行駛高、快速公路違規臨時停車或停車－於路肩外違規停車,3000~6000,"一、高速公路及快速公路交通管制規則第十二條。
二、違規停車妨害交通者，並予拖、吊、移置、保管、處理。
三、應記違規點數一點。"
33條1項8款,行駛高、快速公路違規臨時停車或停車－於中央分隔帶、隧道內、交流道、路肩違規停車,3000~6000,"一、高速公路及快速公路交通管制規則第十二條。
二、違規停車妨害交通者，並予拖、吊、移置、保管、處理。
三、應記違規點數一點。"
33條1項8款,行駛高、快速公路違規臨時停車或停車者－無故於車道上停車或臨時停車,3000~6000,"一、高速公路及快速公路交通管制規則第十二條。
二、'違規停車妨害交通者，並予拖、吊、移置、保管、處理。
三、應記違規點數一點。"
33條1項9款,行駛高、快速公路違規行駛路肩,3000~6000,"一、高速公路及快速公路交通管制規則第九條第一項、第二款。
二、應記違規點數一點。"
33條1項10款,行駛高、快速公路未依施工之安全設施指示行駛,3000~6000,"一、高速公路及快速公路交通管制規則第九條第一項、第十二款。
二、應記違規點數一點。"
33條1項11款,行駛高、快速公路裝置貨物未依規定覆蓋、捆紮,3000~6000,"一、高速公路及快速公路交通管制規則第二十一條第一項、第一款。
二、應記違規點數一點。"
33條1項12款,行駛高、快速公路未依標誌、標線、號誌指示行車,3000~6000,"一、高速公路及快速公路交通管制規則第二十四條及第二十四條之一。
二、記違規點數一點。"
33條1項13款,進入或行駛高、快速公路禁止通行之路段,3000~6000,"一、高速公路及快速公路交通管制規則第十九條第三項、第四項。
二、應記違規點數一點。"
33條1項14款,行駛高、快速公路連續密集按鳴喇叭、變換燈光或其他方式迫使前車讓道,3000~6000,"一、高速公路及快速公路交通管制規則第九條第一項、第十一款。
二、應記違規點數一點。"
33條1項15款,行駛高、快速公路向車外丟棄物品或廢棄物,3000~6000,"一、高速公路及快速公路交通管制規則第九條第一項、第十四款。
二、應記違規點數一點。"
33條1項16款,行駛高、快速公路車輪、輪胎膠皮或車輛機件脫落。,3000~6000,"一、高速公路及快速公路交通管制規則第十四條第二款。
二、應記違規點數一點。"
33條1項17款,行駛高、快速公路輪胎胎紋深度不符規定。,3000~6000,"一、高速公路及快速公路交通管制規則第十四條第三款。
二、應記違規點數一點。"
33條2項,行駛高、快速公路利用內側車道超車，超車後，如有安全距離未駛回原車道，且未以最高速限行駛，致堵塞超車道,6000~12000,"一、高速公路及快速公路交通管制規則第八條第一項、第三款。
二、應記違規點數一點。"
33條3項,擅自開啟或穿越高、快速公路中央分隔帶分向設施,600~1200,高速公路及快速公路交通管制規則第九條第一項、第五款。
33條3項,行駛高、快速公路車輛輪胎粘附泥沙致污染路面,600~1200,高速公路及快速公路交通管制規則第九條第一項、第八款。
33條3項,行駛高、快速公路拖拉故障車輛，使用非鋼質連杆,600~1200,高速公路及快速公路交通管制規則第九條第一項、第十款。
33條3項,非高乘載車道允許通行車輛，行駛高乘載車道,600~1200,高速公路及快速公路交通管制規則第九條第一項、第十五款。
33條3項,行駛高、快速公路途中缺水、缺電或缺燃料,600~1200,高速公路及快速公路交通管制規則第十四條第一款。
33條3項,行駛高、快速公路之大型車，使用之輪胎未依規定,600~1200,高速公路及快速公路交通管制規則第十九條之一。
33條3項,行經高、快速公路，停放服務區、休息站內之車輛逾四小時,600~1200,高速公路及快速公路交通管制規則第二十五條第一項、第二款。
33條3項,行經高、快速公路，停放車道路肩之故障車輛逾一小時,600~1200,高速公路及快速公路交通管制規則第二十五條第一項、第一款。
33條3項,未經高、快速公路管理機關登記許可之拖、吊車輛，擅自在高、快速公路沿線路權範圍內營業,600~1200,高速公路及快速公路交通管制規則第二十六條。
33條3項,行駛高、快速公路裝載超長物品，其後伸部分，遮擋車後燈光、號牌,600~1200,高速公路及快速公路交通管制規則第二十一條第一項、第三款。
33條3項,大型重型機車行駛快速公路，駕駛人及附載座人未依規定配戴安全帽,600~1200,高速公路及快速公路交通管制規則第二十條第二款。
33條3項,在指定場所以外之路段裝卸貨物或上下乘客,600~1200,高速公路及快速公路交通管制規則第二十二條。
33條4項,行人、部隊行軍或演習、慢車進入高、快速公路,3000~6000,高速公路及快速公路交通管制規則第十九條。
33條4項,機車、三輪汽車或馬達三輪車、農耕機、非屬汽車範圍之動力機械、拖有非於高、快速公路故障之車輛，行駛高、快速公路,3000~6000,高速公路及快速公路交通管制規則第十九條。
34條,汽車駕駛人，連續駕車超過八小時經查屬實，或患病足以影響安全駕駛,1200~2400,並禁止其駕駛；如應歸責於汽車所有人者，得吊扣其汽車牌照三個月。
35條1項1款,汽機車駕駛人，駕駛汽機車經酒精濃度測試超過規定標準（標準每公升Ｏ.一五公升，超過Ｏ.一八公升舉發）,機車15000~90000；汽車：30000~120000,"一、並當場移置保管該汽機車及吊扣其駕駛執照機車一年、汽車二年。附載未滿十二歲兒童或因而肇事致人受傷者，並吊扣駕駛執照機車二年、汽車四年；致人重傷或死亡者，吊銷其駕駛執照，並不得再考領。
二、第二項：駕駛營業大客車者，吊銷其駕駛執照。
三、第二項：因而肇事且附載有未滿十二歲兒童之人者，按其吊扣駕駛執照期間加倍處分。
四、應接受道路交通安全講習。
五、第九項：吊扣該汽機車牌照二年；肇事致人重傷或死亡，得依規定沒入該車輛
六、第十項：租賃車業者已盡告知本條例第三十五條處罰規定之義務，汽機車駕駛人仍駕駛汽機車違反規定者，依其駕駛車輛分別依所處罰鍰加罰二分之一。
七、第十一項：同時違反刑事法律者，經裁判確定處以罰金低於本條例第九十二條第四項所訂最低罰鍰基準規定者，應依本條例裁決繳納不足最低罰鍰之部分。"
35條1項2款,汽車駕駛人，駕駛汽車經測試檢定有吸食毒品、迷幻藥、麻醉藥品及其相類似之管制藥品,機車：15000~90000、汽車：30000~120000,"一、並當場移置保管該汽機車及吊扣其駕駛執照機車一年、汽車二年。附載未滿十二歲兒童或因而肇事致人受傷者，並吊扣駕駛執照機車二年、汽車四年；致人重傷或死亡者，吊銷其駕駛執照，並不得再考領。
二、第二項：駕駛營業大客車者，吊銷其駕駛執照。
三、第二項：因而肇事且附載有未滿十二歲兒童之人者，按其吊扣駕駛執照期間加倍處分。
四、應接受道路交通安全講習。
五、第九項：吊扣該汽機車牌照二年；肇事致人重傷或死亡，得依規定沒入該車輛
六、第十項：租賃車業者已盡告知本條例第三十五條處罰規定之義務，汽機車駕駛人仍駕駛汽機車違反規定者，依其駕駛車輛分別依所處罰鍰加罰二分之一。
七、第十一項：同時違反刑事法律者，經裁判確定處以罰金低於本條例第九十二條第四項所訂最低罰鍰基準規定者，應依本條例裁決繳納不足最低罰鍰之部分。"
35條3項,汽車駕駛人於十年內第二次違反第一項規定,機車：90000、汽車：120000,"一、並當場移置保管該汽機車及吊銷其駕駛執照；如肇事致人重傷或死亡者， 吊銷其駕駛執照，並不得再考領。
二、應接受道路交通安全講習。
三、公路主管機關得公布其姓名、照片及違法事實。
四、吊扣該汽機車牌照二年； 肇事致人重傷或死亡，得依規定沒入該車輛。
五、第十項：租賃車業者已盡告知本條例第三十五條處罰規定之義務，汽機車駕駛人仍駕駛汽機車違反規定者，依其駕駛車輛分別依所處罰鍰加罰二分之一。
六、第十一項：同時違反刑事法律者，經裁判確定處以罰金低於本條例第九十二條第四項所訂最低罰鍰基準規定者，應依本條例裁決繳納不足最低罰鍰之部分。"
35條3項,汽機車駕駛人於十年內違反第一項規定第三次以上者,按本項按前次違反本項所處罰鍰金額加罰90000,"一、並當場移置保管該汽機車及吊銷其駕駛執照；如肇事致人重傷或死亡者， 吊銷其駕駛執照，並不得再考領。
二、應接受道路交通安全講習。
三、公路主管機關得公布其姓名、照片及違法事實。
四、吊扣該汽機車牌照二年； 肇事致人重傷或死亡，得依規定沒入該車輛。
五、第十項：租賃車業者已盡告知本條例第三十五條處罰規定之義務，汽機車駕駛人仍駕駛汽機車違反規定者，依其駕駛車輛分別依所處罰鍰加罰二分之一。
六、第十一項：同時違反刑事法律者，經裁判確定處以罰金低於本條例第九十二條第四項所訂最低罰鍰基準規定者，應依本條例裁決繳納不足最低罰鍰之部分。"
35條4項1款,汽機車駕駛人，駕駛汽機車行經警察機關設有告示執行第三十五條第一項測試檢定之處所，不依指示停車接受稽查,180000,"一、並當場移置保管該汽機車及吊銷其駕駛執照；如肇事致人重傷或死亡者，吊銷其駕駛執照，並不得再考領。
二、應接受道路交通安全講習。
三、第九項：吊扣該汽機車牌照二年； 肇事致人重傷或死亡，得依規定沒入該車輛。
四、第十項：租賃車業者已盡告知本條例第三十五條處罰規定之義務，汽機車駕駛人仍駕駛汽機車違反規定者，依其駕駛車輛分別依所處罰鍰加罰二分之一。
五、第十一項：同時違反刑事法律者，經裁判確定處以罰金低於本條例第九十二條第四項所訂最低罰鍰基準規定者，應依本條例裁決繳納不足最低罰鍰之部分。"
35條4項2款,拒絕接受第三十五條第一項測試之檢定,180000,"一、並當場移置保管該汽機車及吊銷其駕駛執照；如肇事致人重傷或死亡者， 吊銷其駕駛執照，並不得再考領。
二、應接受道路交通安全講習。
三、第九項：吊扣該汽機車牌照二年； 肇事致人重傷或死亡，得依規定沒入該車輛。
四、第十項：租賃車業者已盡告知本條例第三十五條處罰規定之義務，汽機車駕駛人仍駕駛汽機車違反規定者，依其駕駛車輛分別依所處罰鍰加罰二分之一。
五、第十一項：同時違反刑事法律者，經裁判確定處以罰金低於本條例第九十二條第四項所訂最低罰鍰基準規定者，應依本條例裁決繳納不足最低罰鍰之部分。"
35條4項3款,接受第三十五條第一項測試檢定前，吸食服用含酒精之物、毒品、迷幻藥、麻醉藥品及其相類似之管制藥品。,180000,"一、並當場移置保管該汽機車及吊銷其駕駛執照；如肇事致人重傷或死亡者， 吊銷其駕駛執照，並不得再考領。
二、應接受道路交通安全講習。
三、第九項：吊扣該汽機車牌照二年； 肇事致人重傷或死亡，得依規定沒入該車輛。
四、第十項：租賃車業者已盡告知本條例第三十五條處罰規定之義務，汽機車駕駛人仍駕駛汽機車違反規定者，依其駕駛車輛分別依所處罰鍰加罰二分之一。
五、第十一項：同時違反刑事法律者，經裁判確定處以罰金低於本條例第九十二條第四項所訂最低罰鍰基準規定者，應依本條例裁決繳納不足最低罰鍰之部分。"
35條4項4款,發生交通事故後，在接受第三十五條第一項測試檢定前，吸食服用含酒精之物、毒品、迷幻藥、麻醉藥品及其相類似之管制藥品,180000,"一、並當場移置保管該汽機車及吊銷其駕駛執照；如肇事致人重傷或死亡者， 吊銷其駕駛執照，並不得再考領。
二、應接受道路交通安全講習。
三、第九項：吊扣該汽機車牌照二年； 肇事致人重傷或死亡，得依規定沒入該車輛。
四、第十項：租賃車業者已盡告知本條例第三十五條處罰規定之義務，汽機車駕駛人仍駕駛汽機車違反規定者，依其駕駛車輛分別依所處罰鍰加罰二分之一。
五、第十一項：同時違反刑事法律者，經裁判確定處以罰金低於本條例第九十二條第四項所訂最低罰鍰基準規定者，應依本條例裁決繳納不足最低罰鍰之部分。"
35條5項,汽機車駕駛人於十年內第二次違反第四項規定,360000,"一、並當場移置保管該汽機車及吊銷其駕駛執照；如肇事致人重傷或死亡者，吊銷其駕駛執照，並不得再考領。
二、應接受道路交通安全講習。
三、公路主管機關得公布其姓名、照片及違法事實。
四、第九項：吊扣該汽機車牌照二年； 肇事致人重傷或死亡，得依規定沒入該車輛。
五、第十項：租賃車業者已盡告知本條例第三十五條處罰規定之義務，汽機車駕駛人仍駕駛汽機車違反規定者，依其駕駛車輛分別依所處罰鍰加罰二分之一。
六、第十一項：同時違反刑事法律者，經裁判確定處以罰金低於本條例第九十二條第四項所訂最低罰鍰基準規定者， 應依本條例裁決繳納不足最低罰鍰之部分。
七、違反本條例第三十五條第四項第一款至第四款者合併計算累計次數。"
35條7項,汽機車所有人，明知汽機車駕駛人有第一項各款情形，而不予禁止駕駛,依第三十五條第一項各款規定辦理,並吊扣該汽機車牌照二年。
35條8項,汽機車駕駛人，駕駛汽機車經測試檢定吐氣所含酒精濃度達每公升Ｏ‧二五毫克以上或血液中酒精濃度達百分之○‧○五以上之年滿十八歲之同車乘客,6000~15000,但年滿七十歲、心智障礙或汽車運輸業之乘客，不在此限。
35-1條1項,汽車駕駛人不依規定駕駛配備車輛點火自動鎖定裝置汽車者。,60000~120000,"一、汽車駕駛人經依本條例第六十七條第五項規定考領駕駛執照，應申請登記配備有車輛點火自動鎖定裝置之汽車後，始發給駕駛執照。
二、當場移置保管該汽車。"
35-1條2項,汽車駕駛人依第三十五條之一第一項規定申請登記而不依規定使用車輛點火自動鎖定裝置者。,10000~30000,"一、汽車駕駛人經依本條例第六十七條第五項規定考領駕駛執照，應申請登記配備有車輛點火自動鎖定裝置之汽車後，始發給駕駛執照。
二、當場移置保管該汽車。"
35-1條3項,前項車輛點火自動鎖定裝置由他人代為使用解鎖者,6000~12000,汽車駕駛人經依本條例第六十七條第五項規定考領駕駛執照，應申請登記配備有車輛點火自動鎖定裝置之汽車後，始發給駕駛執照。
36條1項,計程車駕駛人，未向警察機關辦理執業登記，領取登記證，即行執業,1500~3600,(無)
36條2項,計程車駕駛人，不依規定辦理執業登記，經依前項處罰仍不辦理,吊銷其駕駛執照,(無)
36條3項,計程車駕駛人，不依規定期限，辦理執業登記事項之異動申報，或參加年度查驗,1200,(無)
36條5項,執業登記證，未依規定安置車內指定之插座或以他物遮蔽,1500,(無)
38條1項,汽車駕駛人，於鐵路、公路車站或其他交通頻繁處所，違規攬客營運，妨害交通秩序,1500~3000,記違規點數一點，屬營業大客車者並記該汽車違規紀錄一次。
38條2項,計程車駕駛人，任意拒載乘客或故意繞道行駛,600~1200,(無)
39條,汽車駕駛人，不在未劃分標線道路之中央右側部分駕車,600~1200,但單行道或依規定超車者，不在此限。
40條,駕駛人行車速度，超過規定之最高時速六十公里以內,1200~2400,"一、記違規點數一點。
二、駕駛汽車行車速度超過規定之最高時速未逾十公里得勸導。"
40條,汽車駕駛人，行車速度，低於規定之最低時速,1200~2400,記違規點數一點。
41條,汽車駕駛人，按鳴喇叭不依規定，或按鳴喇叭超過規定音量者（可勸導）,300~600,(無)
42條,汽車駕駛人，不依規定使用燈光,1200~3600,"一、道路交通安全規則第一百零九條第一項。
二、道路交通安全規則第一百零九條第二項。"
43條1項1款,汽車駕駛人在道路上蛇行，或以其他危險方式駕車,6000~24000,"一、並當場禁止其駕駛。
二、記違規點數三點。
三、第二項：因而肇事者，並吊銷其駕駛執照。
四、應接受道路交通安全講習；未滿十八歲之人與其法定代理人或監護人應同時施以道路交通安全講習，並得由警察機關公布其法定代理人或監護人姓名。"
43條1項2款,行車速度，超過規定之最高時速逾六十公里,6000~24000,"一、並當場禁止其駕駛。
二、記違規點數三點。
三、第二項：因而肇事者，並吊銷其駕駛執照。
四、應接受道路交通安全講習；未滿十八歲之人與其法定代理人或監護人應同時施以道路交通安全講習，並得由警察機關公布其法定代理人或監護人姓名。"
43條1項3款,汽車駕駛人任意以迫近、驟然變換車道或其他不當方式，迫使他車讓道,6000~24000,"一、並當場禁止其駕駛。
二、記違規點數三點。
三、第二項：因而肇事者，並吊銷其駕駛執照。
四、應接受道路交通安全講習；未滿十八歲之人與其法定代理人或監護人應同時施以道路交通安全講習，並得由警察機關公布其法定代理人或監護人姓名。"
43條1項4款,汽車駕駛人非遇突發狀況，在行駛途中任意驟然減速、煞車或於車道中暫停,6000~24000,"一、並當場禁止其駕駛。
二、記違規點數三點。
三、第二項：因而肇事者，並吊銷其駕駛執照。
四、應接受道路交通安全講習；未滿十八歲之人與其法定代理人或監護人應同時施以道路交通安全講習，並得由警察機關公布其法定代理人或監護人姓名。"
43條1項5款,汽車駕駛人，駕駛汽車拆除消音器，或以其他方式造成噪音,6000~24000,"一、並當場禁止其駕駛。
二、記違規點數三點。
三、第二項：因而肇事者，並吊銷其駕駛執照。
四、第二項：於一年內再度違反者，並吊扣其駕駛執照六個月。
五、應接受道路交通安全講習；未滿十八歲之人與其法定代理人或監護人應同時施以道路交通安全講習，並得由警察機關公布其法定代理人或監護人姓名。"
43條3項,二輛以上之汽車共同違反第一項規定，或在道路上競駛、競技,30000~90000,"一、並當場禁止其駕駛及吊銷其駕駛執照。
二、應接受道路交通安全講習；未滿十八歲之人與其法定代理人或監護人應同時施以道路交通安全講習，並得由警察機關公布其法定代理人或監護人姓名。"
43條4項（前段）,汽車所有人提供汽車駕駛人有第四十三條第一項、第三項行為之汽車,吊扣該汽車牌照6個月,(無)
43條4項（後段）,經受吊扣牌照之汽車再次提供為違反第一項、第一款、第三款、第四款、第三項行為,沒入該汽車,(無)
44條1項1款,行近鐵路平交道，不將時速減至十五公里以下（可勸導）,600~1800,(無)
44條1項2款,行近未設行車管制號誌之行人穿越道，不減速慢行,600~1800,(無)
44條1項3款,行經設有彎道、坡路、狹路、狹橋或隧道標誌之路段或道路施工路段，不減速慢行（可勸導）,600~1800,(無)
44條1項4款,行經設有學校、醫院標誌之路段，不減速慢行（可勸導）,600~1800,(無)
44條1項5款,未依標誌、標線、號誌指示減速慢行（可勸導）,600~1800,(無)
44條1項6款,行經泥濘或積水道路，不減速慢行，致污濕他人身體、衣物（可勸導）,600~1800,(無)
44條1項7款,因雨、霧視線不清或道路上臨時發生障礙，不減速慢行（可勸導）,600~1800,(無)
44條2項,駕駛汽車行經行人穿越道有行人穿越時，不暫停讓行人先行通過,1200~3600,(無)
44條3項,汽車駕駛人，駕駛汽車行近行人穿越道遇有攜帶白手杖或導盲犬之視覺功能障礙者時，不暫停讓視覺功能障礙者先行通過,2400~7200,(無)
45條1項1款,不按遵行之方向行駛,600~1800,記違規點數一點。
45條1項2款,在單車道駕車與他車並行,600~1800,記違規點數一點。
45條1項3款,不依規定駛入來車道,600~1800,記違規點數一點。
45條1項4款,在多車道不依規定駕車,600~1800,記違規點數一點。
45條1項5款,插入正在連貫行駛汽車之中間,600~1800,記違規點數一點。
45條1項6款,駕車行駛人行道,600~1800,記違規點數一點。
45條1項7款,行至無號誌之圓環路口，不讓已進入圓環之車輛先行,600~1800,記違規點數一點。
45條1項8款,行經多車道之圓環，不讓內側車道之車輛先行,600~1800,記違規點數一點。
45條1項9款,支線道車不讓幹線道車先行。少線道車不讓多線道車先行。車道數相同時，左方車不讓右方車先行,600~1800,記違規點數一點。
45條1項10款,起駛前，不讓行進中之車輛、行人優先通行,600~1800,記違規點數一點。
45條1項11款,聞消防車、救護車、警備車、工程救險車、毒性化學物質災害事故應變車之警號，在後跟隨急駛，或駛過在救火時放置於路上之消防水帶,600~1800,記違規點數一點。
45條1項12款,任意駛出邊線，或任意跨越兩條車道行駛,600~1800,記違規點數一點。
45條1項13款,機車，不在規定車道行駛,600~1800,記違規點數一點。
45條1項14款,遇幼童專用車、校車不依規定禮讓，或減速慢行,600~1800,記違規點數一點。
45條1項15款,行經無號誌交叉路口及巷道不依規定或標誌、標線指示,600~1800,記違規點數一點。
45條1項16款,佔用自行車專用道,600~1800,記違規點數一點。
45條1項17款,聞或見大眾捷運系統車輛之聲號或燈光，不依規定避讓或在後跟隨迫近,600~1800,記違規點數一點。
45條2項,聞消防車、救護車、警備車、工程救險車、毒性化學物質災害事故應變車之警號，不立即避讓,3600,並吊銷駕駛執照。
45條3項,有第四十五條第二項情形致人死傷者,6000~90000,並吊銷駕駛執照
46條1款,汽車駕駛人交會時，未保持適當之間隔,600~1800,(無)
46條2款,在峻狹坡路，下坡車未讓上坡車先行，或上坡車在坡下未讓已駛至中途之下坡車駛過，而爭先上坡,600~1800,(無)
46條3款,在山路行車，靠山壁車輛，未讓道路外緣車優先通過,600~1800,(無)
47條1款,駕車行經設有彎道、陡坡、狹橋、隧道、交岔路口標誌之路段或道路施工地段超車,1200~2400,記違規點數一點。
47條2款,在學校、醫院或其他設有禁止超車標誌、標線處所、地段或對面有來車交會或前行車連貫二輛以上超車,1200~2400,記違規點數一點。
47條3款,在前行車之右側超車，或超車時未保持適當之間隔，或未行至安全距離即行駛入原行路線,1200~2400,記違規點數一點。
47條4款,未經前行車表示允讓或靠邊慢行，即行超車,1200~2400,(無)
47條5款,前行車聞後行車按鳴喇叭或見後行車顯示超車燈光，如車前路況無障礙，無正當理由，不表示允讓或靠邊慢行,1200~2400,(無)
48條1項1款,不注意來、往行人或轉彎前未減速慢行,600~1800,記違規點數一點。
48條1項2款,轉彎不依標誌、標線、號誌指示,600~1800,記違規點數一點。
48條1項3款,行經交岔路口未達中心處，佔用來車道搶先左轉彎,600~1800,記違規點數一點。
48條1項4款,在多車道右轉彎，不先駛入外側車道，或多車道左轉彎，不先駛入內側車道,600~1800,記違規點數一點。
48條1項5款,道路設有劃分島，劃分快、慢車道，在慢車道上左轉彎或在快車道右轉彎。,600~1800,記違規點數一點。
48條1項6款,轉彎車不讓直行車先行,600~1800,記違規點數一點。
48條1項7款,設有左、右轉彎專用車道之交岔路口，直行車佔用最內側或最外側或專用車道,600~1800,記違規點數一點。
48條2項,汽車駕駛人轉彎時，除禁止行人穿越路段外，不暫停讓行人優先通行,1200~3600,記違規點數一點。
48條3項,汽車駕駛人轉彎時，除禁止行人穿越路段外，行近攜帶白手杖或導盲犬之視覺功能障礙者時，不暫停讓視覺功能障礙者先行通過,2400~7200,記違規點數一點。
49條1款,在設有彎道、坡路、狹路、狹橋或隧道標誌之路段迴車,600~1800,記違規點數一點。
49條2款,在設有禁止迴車標誌或劃有分向限制線、禁止超車線或禁止變換車道線之路段迴車,600~1800,記違規點數一點。
49條3款,在禁止左轉路段迴車,600~1800,記違規點數一點。
49條4款,行經圓環路口，不繞行圓環迴車,600~1800,記違規點數一點。
49條5款,迴車前，未依規定暫停，顯示左轉燈光，或不注意來、往車輛、行人，仍擅自迴轉,600~1800,記違規點數一點。
50條1款,在設有彎道、坡路、狹路、狹橋、隧道、圓環、單行道標誌之路段、快車道或大眾捷運系統車輛共用通行交岔路口且為大眾捷運系統車輛導引路線上倒車,600~1200,(無)
50條2款,倒車前未顯示倒車燈光，或倒車時不注意其他車輛或行人,600~1200,(無)
50條3款,大型汽車無人在後指引時，不先測明車後有足夠之地位，或促使行人避讓,600~1200,(無)
51條,汽車駕駛人，駕車行經坡道，上坡時蛇行前進，或下坡時將引擎熄火、空檔滑行,600~1200,(無)
52條,汽車駕駛人，駕車行經渡口不依規定（可勸導）,600~1200,(無)
53條1項,汽車駕駛人，行經有燈光號誌管制之交岔路口闖紅燈,1800~5400,記違規點數三點。
53條2項,汽車駕駛人，行經有燈光號誌管制之交岔路口紅燈右轉行為,600~1800,記違規點數三點。
53-1條1項,汽車駕駛人，行經有燈光號誌管制之大眾捷運系統車輛共用通行交岔路口闖紅燈,3600~10800,記違規點數三點。
53-1條2項,汽車駕駛人，行經有燈光號誌管制之大眾捷運系統車輛共用通行交岔路口紅燈右轉,1200~3600,記違規點數三點。
54條1款,不遵守看守人員之指示，或警鈴已響、閃光號誌已顯示，或遮斷器開始放下，仍強行闖越,15000~90000,"一、吊扣其駕駛執照一年。
二、因而肇事者，並吊銷其駕駛執照。
三、應接受道路交通安全講習。"
54條2款,在無看守人員管理或無遮斷器、警鈴及閃光號誌設備之鐵路平交道，設有警告標誌或跳動路面，不依規定暫停，逕行通過,15000~90000,"一、吊扣其駕駛執照一年。
二、因而肇事者，並吊銷其駕駛執照。
三、應接受道路交通安全講習。"
54條3款,在鐵路平交道超車、迴車、倒車、臨時停車或停車,15000~90000,"一、吊扣其駕駛執照一年。
二、因而肇事者，並吊銷其駕駛執照。
三、應接受道路交通安全講習。"
55條1款,在橋樑、隧道、圓環、障礙物對面、人行道、行人穿越道、快車道臨時停車,300~600,(無)
55條2款,在交岔路口、公共汽車招呼站十公尺內或消防車出、入口五公尺內臨時停車,300~600,(無)
55條3款,在設有禁止臨時停車標誌、標線處所臨時停車,300~600,(無)
55條4款,不依順行之方向，或不緊靠道路右側，或單行道不緊靠路邊臨時停車,300~600,(無)
55條4款,併排臨時停車,300~600,(無)
55條5款,在道路交通標誌前臨時停車，遮蔽標誌,300~600,(無)
56條1項1款,在禁止臨時停車處所停車,600~1200,交通勤務警察、依法令執行交通稽查任務人員或交通助理人員，應責令汽車駕駛人將車移置適當處所；如汽車駕駛人不予移置或不在車內時，得由該交通勤務警察、依法令執行交通稽查任務人員或交通助理人員為之，或使用民間拖吊車拖離之，並收取移置費。
56條1項2款,在設有彎道、險坡、狹路標誌之路段、槽化線、交通島或道路修理地段停車,600~1200,交通勤務警察、依法令執行交通稽查任務人員或交通助理人員，應責令汽車駕駛人將車移置適當處所；如汽車駕駛人不予移置或不在車內時，得由該交通勤務警察、依法令執行交通稽查任務人員或交通助理人員為之，或使用民間拖吊車拖離之，並收取移置費。
56條1項3款,在機場、車站、碼頭、學校、娛樂、展覽、競技、市場、或其他公共場所出、入口或消防栓之前停車,600~1200,交通勤務警察、依法令執行交通稽查任務人員或交通助理人員，應責令汽車駕駛人將車移置適當處所；如汽車駕駛人不予移置或不在車內時，得由該交通勤務警察、依法令執行交通稽查任務人員或交通助理人員為之，或使用民間拖吊車拖離之，並收取移置費。
56條1項4款,在設有禁止停車標誌、標線之處所停車,600~1200,交通勤務警察、依法令執行交通稽查任務人員或交通助理人員，應責令汽車駕駛人將車移置適當處所；如汽車駕駛人不予移置或不在車內時，得由該交通勤務警察、依法令執行交通稽查任務人員或交通助理人員為之，或使用民間拖吊車拖離之，並收取移置費。
56條1項5款,在顯有妨礙其他人、車通行處所停車,600~1200,交通勤務警察、依法令執行交通稽查任務人員或交通助理人員，應責令汽車駕駛人將車移置適當處所；如汽車駕駛人不予移置或不在車內時，得由該交通勤務警察、依法令執行交通稽查任務人員或交通助理人員為之，或使用民間拖吊車拖離之，並收取移置費。
56條1項6款,不依順行方向，或不緊靠道路右側，或單行道不緊靠路邊停車,600~1200,交通勤務警察、依法令執行交通稽查任務人員或交通助理人員，應責令汽車駕駛人將車移置適當處所；如汽車駕駛人不予移置或不在車內時，得由該交通勤務警察、依法令執行交通稽查任務人員或交通助理人員為之，或使用民間拖吊車拖離之，並收取移置費。
56條1項7款,於路邊劃有停放車輛線之處所停車營業,600~1200,交通勤務警察、依法令執行交通稽查任務人員或交通助理人員，應責令汽車駕駛人將車移置適當處所；如汽車駕駛人不予移置或不在車內時，得由該交通勤務警察、依法令執行交通稽查任務人員或交通助理人員為之，或使用民間拖吊車拖離之，並收取移置費。
56條1項8款,自用汽車在營業汽車招呼站停車,600~1200,交通勤務警察、依法令執行交通稽查任務人員或交通助理人員，應責令汽車駕駛人將車移置適當處所；如汽車駕駛人不予移置或不在車內時，得由該交通勤務警察、依法令執行交通稽查任務人員或交通助理人員為之，或使用民間拖吊車拖離之，並收取移置費。
56條1項9款,停車時間、位置、方式、車種不依規定,600~1200,交通勤務警察、依法令執行交通稽查任務人員或交通助理人員，應責令汽車駕駛人將車移置適當處所；如汽車駕駛人不予移置或不在車內時，得由該交通勤務警察、依法令執行交通稽查任務人員或交通助理人員為之，或使用民間拖吊車拖離之，並收取移置費。
56條1項10款,於身心障礙專用停車位違規停車,1200,交通勤務警察、依法令執行交通稽查任務人員或交通助理人員，應責令汽車駕駛人將車移置適當處所；如汽車駕駛人不予移置或不在車內時，得由該交通勤務警察、依法令執行交通稽查任務人員或交通助理人員為之，或使用民間拖吊車拖離之，並收取移置費。
56條2項,併排停車,2400,交通勤務警察、依法令執行交通稽查任務人員或交通助理人員，應責令汽車駕駛人將車移置適當處所；如汽車駕駛人不予移置或不在車內時，得由該交通勤務警察、依法令執行交通稽查任務人員或交通助理人員為之，或使用民間拖吊車拖離之，並收取移置費。
56條3項,在道路收費停車處所停車，未依規定繳費，經主管機關書面通知於七日內補繳，逾期再不繳納,300,交通勤務警察、依法令執行交通稽查任務人員或交通助理人員，應責令汽車駕駛人將車移置適當處所；如汽車駕駛人不予移置或不在車內時，得由該交通勤務警察、依法令執行交通稽查任務人員或交通助理人員為之，或使用民間拖吊車拖離之，並收取移置費。
56-1條,汽車駕駛人臨時停車或停車時未依規定開啟或關閉車門因而肇事，駕駛人或乘客,1200~3600,但計程車或租賃車輛代僱駕駛人已盡告知義務，乘客仍未依規定開啟或關閉車門因而肇事者，處罰該乘客。
57條1項,汽車所有人、汽車買賣業或汽車修理業，在道路上停放待售或承修之車輛,2400~4800,交通勤務警察或依法令執行交通稽查任務人員於必要時，並應令汽車所有人、業者將車移置適當場所；如汽車所有人、業者不予移置，應由該交通勤務警察或依法令執行交通稽查任務人員逕為之，並收取移置費。
58條1款,不依規定保持前、後車距離,600~1200,(無)
58條2款,行至有號誌之交岔路口，遇紅燈不依車道連貫暫停而逕行插入車道間，致交通擁塞，妨礙其他車輛通行,600~1200,(無)
58條3款,行至有號誌之交岔路口，遇有前行或轉彎之車道交通擁塞而逕行駛入交岔路口內，致號誌轉換後仍未能通過，妨礙其他車輛通行,600~1200,(無)
59條,汽車駕駛人，駕駛汽車發生故障不能行駛，不設法移置於無礙交通之處，或於移置前，未依規定在車輛前、後適當距離樹立車輛故障標誌或事後不除去,1500~3000,"高速公路：
一、本條例第三十三條第五項。高速公路及快速公路交通管制規則第十五條。
二、高速公路及快速公路交通管制規則第十六條第二款、第三款。"
60條1項,汽車駕駛人，駕駛汽車有違反本條例之行為，經交通勤務警察或依法令執行交通稽查任務人員制止時，不聽制止或拒絕停車接受稽查而逃逸,10000~30000,"一、除按各該條規定處罰外，並吊扣其駕駛執照六個月。
二、五年內違規兩次除按各該條規定處罰外，並吊扣其駕駛執照一年。"
60條2項1款,不服從交通勤務警察或依法令執行交通指揮、稽查任務人員之指揮或稽查。,900~1800,並記違規點數一點。
60條2項2款,不遵守公路或警察機關，依第五條規定所發布命令,900~1800,並記違規點數一點。
60條2項3款,不遵守道路交通標誌、標線、號誌之指示,900~1800,(無)
60條2項4款,計程車之停車上客，不遵守主管機關之規定,900~1800,(無)
61條1項1款,利用汽車犯罪，經判決有期徒刑以上之刑確定,吊銷其駕駛執照,在判決確定前，得視情形暫扣其駕駛執照，禁止其駕駛。
61條1項2款,抗拒執行交通勤務之警察或依法令執行交通稽查人員之稽查或有第六十條第一項之情形，因而引起傷害或死亡,90000~150000,吊銷其駕駛執照，並施以道安講習。
61條1項3款,撞傷正在執行勤務中之警察或依法令執行指揮交通及交通稽查任務人員,90000~150000,吊銷其駕駛執照，並施以道安講習。
61條1項4款,違反道路交通安全規則、第三十三條之管制規則，因而肇事致人死亡,吊銷其駕駛執照,(無)
61條3項,汽車駕駛人，駕駛汽車違反道路交通安全規則、第三十三條之管制規則，因而肇事致人受傷,肇事致人受傷吊扣其駕駛執照3個月至6個月；致人重傷吊扣駕駛執照3個月並應接受道路交通安全講習。,(無)
62條1項前段,汽車駕駛人駕駛汽車肇事，無人受傷或死亡而未依規定處置,1000~3000,"一、第六項：肇事車輛機件及車上痕跡證據尚須檢驗、鑑定或查證者，得予暫時扣留處理，其扣留期間不得超過三個月；未經扣留處理之車輛，其駕駛人或所有人不予或不能即時移置，致妨礙交通者，得逕行移置之。
二、第七項：肇事車輛機件損壞，其行駛安全堪虞者，禁止其行駛。"
62條1項後段,汽車駕駛人駕駛汽車肇事，無人受傷或死亡而未依規定處置逃逸,1000~3000,"一、第六項：肇事車輛機件及車上痕跡證據尚須檢驗、鑑定或查證者，得予暫時扣留處理，其扣留期間不得超過三個月；未經扣留處理之車輛，其駕駛人或所有人不予或不能即時移置，致妨礙交通者，得逕行移置之。
二、第七項：肇事車輛機件損壞，其行駛安全堪虞者，禁止其行駛。
三、應接受道路交通安全講習，並吊扣駕駛執照1個月至3個月"
62條2項,汽車駕駛人駕駛汽車肇事，無人受傷或死亡且車輛尚能行駛，而不儘速將汽車位置標繪移置路邊，致妨礙交通,600~1800,(無)
62條3項,汽車駕駛人駕駛汽車肇事致人受傷或死亡者，未依規定處置，並通知警察機關處理，或任意移動肇事汽車及現場痕跡證據,3000~9000,肇事致人受傷案件當事人均同意時，應將肇事汽車標繪後，移置不妨礙交通之處所。
62條3項,汽車駕駛人駕駛汽車肇事致人受傷或死亡者，未即採取救護措施,3000~9000,(無)
62條3項,汽車駕駛人駕駛汽車肇事致人受傷而逃逸,3000~9000,第四項前段：吊銷駕駛執照
62條3項,汽車駕駛人駕駛汽車肇事致人重傷或死亡，而逃逸,3000~9000,第四項後段：重傷或死亡吊銷駕駛執照，並不得再考領。
62條5項,第一項及前項肇事逃逸案件，經通知汽車所有人到場說明，無故不到場說明，或不提供汽車駕駛人相關資料,吊扣該汽車牌照1個月至3個月,(無)
92條7項1款,汽缸排氣量五百五十立方公分以上之大型重型機車行駛高速公路未經公告允許之路段。,3000~6000,記違規點數一點。
92條7項2款,汽缸排氣量五百五十立方公分以上之大型重型機車行駛高速公路未依公告允許時段規定行駛。,3000~6000,記違規點數一點。
92條7項3款,汽缸排氣量五百五十立方公分以上之大型重型機車行駛高速公路駕駛人領有駕駛執照未符合規定。,3000~6000,記違規點數一點。
92條7項4款,汽缸排氣量五百五十立方公分以上之大型重型機車行駛高速公路同車道併駛、超車，或未依規定使用路肩,6000,記違規點數一點。
92條7項5款,汽缸排氣量五百五十立方公分以上之大型重型機車行駛高速公路未依規定附載人員或物品,3000~6000,記違規點數一點。
92條7項6款,汽缸排氣量五百五十立方公分以上之大型重型機車行駛高速公路駕駛人未依規定戴安全帽,3000~6000,記違規點數一點。
92條8項,汽車行駛高速公路與汽缸排氣量五百五十立方公分以上之大型重型機車同車道併駛或超車,6000,(無)
69條2項,其他慢車未依規定辦理登記，領取證照即行駛道路（可勸導）,300,禁止其通行並限期登記，領取證照。
70條,慢車經依規定淘汰並公告禁止行駛後仍行駛,沒入銷毀,(無)
71條,慢車證照未隨身攜帶（可勸導）,180,(無)
72條1項,慢車未經核准擅自變更裝置或不依規定保持煞車、鈴號、燈光及反光裝置等安全設備之良好與完整（可勸導）,180,責令限期安裝或改正。
72條2項,電動自行車於道路行駛或使用，擅自增、減、變更行駛速率以外之電子控制裝置或原有規格,1800~5400,請電動自行車所有人責令改正。
72-1條,電動自行車於道路行駛或使用，行駛速率超過每小時二十五公里,900~1800,(無)
73條1項1款,慢車不在劃設之慢車道通行或無正當理由在未劃設慢車道之道路不靠右側路邊行駛（可勸導）,300~600,(無)
73條1項2款,慢車不在規定地區路邊或時間內行駛（可勸導）,300~600,(無)
73條1項3款,慢車不依規定轉彎、超車、停車或通過交岔路口（可勸導）,300~600,(無)
73條1項4款,慢車在道路上爭先、爭道或其他危險方式駕車,300~600,(無)
73條1項5款,慢車在夜間未開啟燈光（可勸導）,300~600,(無)
73條1項6款,慢車駕駛人在行進間以手持方式使用行動電話、電腦或其他相類功能裝置進行撥接、通話、數據通訊或其他有礙駕駛安全之行為,300~600,(無)
73條2項,慢車駕駛人吐氣所含酒精濃度超過規定標準（標準每公升Ｏ.一五毫克，每公升Ｏ.一八毫克）,600~1200,(無)
73條3項,慢車駕駛人拒絕接受酒精濃度測試檢定,2400,(無)
73條4項,電動自行車駕駛人未依規定戴安全帽,300,(無)
74條1項1款,慢車駕駛人不服從執行交通勤務警察指揮或不依標誌、標線、號誌之指示（可勸導）,300~600,(無)
74條1項2款,慢車在同一慢車道上不按遵行之方向行駛（可勸導）,300~600,(無)
74條1項3款,慢車不依規定擅自穿越快車道（可勸導）,300~600,(無)
74條1項4款,慢車駕駛人不依規定停放車輛（可勸導）,300~600,(無)
74條1項5款,慢車在人行道或快車道行駛（可勸導）,300~600,第三項：導致視覺功能障礙者受傷者
74條1項6款,慢車駕駛人聞消防車、警備車、救護車、工程救險車、毒性化學物質災害事故應變車之警號不立即避讓（可勸導）,300~600,(無)
74條1項7款,慢車駕駛人行經行人穿越道有行人穿越或行駛至交岔路口轉彎時，未讓行人優先通行（可勸導）,300~600,(無)
74條1項8款,慢車駕駛人於設置有必要之標誌或標線供慢車行駛之人行道上，未讓行人優先通行（可勸導）,300~600,第三項：導致視覺功能障礙者受傷者
74條1項9款,慢車駕駛人聞或見大眾捷運系統車輛之聲號或燈光，不依規定避讓或在後跟隨迫近（可勸導）,300~600,(無)
74條2項,慢車駕駛人行近行人穿越道，遇有攜帶白手杖或導盲犬之視覺功能障礙者時，不暫停讓視覺功能障礙者先行通過,600~1200,(無)
74條3項,慢車駕駛人有第七十四條第一項第五款或第八款之情形，導致視覺功能障礙者受傷或死亡者,1200~2400,(無)
75條,慢車駕駛人，駕車在鐵路平交道有第五十四條各款情形之一,1200~2400,未肇事處1200；因而肇事處1500
76條1項1款,慢車乘坐人數超過規定數額（可勸導）,300~600,(無)
76條1項2款,慢車裝載貨物超過規定重量或超出車身一定限制（可勸導）,300~600,(無)
76條1項3款,慢車裝載容易滲漏、飛散、有惡臭氣味及危險性貨物不嚴密封固或不為適當之裝置（可勸導）,300~600,(無)
76條1項4款,慢車裝載禽、畜重疊或倒置（可勸導）,300~600,(無)
76條1項5款,慢車裝載貨物不捆紮結實（可勸導）,300~600,(無)
76條1項6款,慢車上、下乘客或裝卸貨物不緊靠路邊妨礙交通（可勸導）,300~600,(無)
76條1項7款,慢車牽引其他車輛或攀附車輛隨行（可勸導）,300~600,(無)
76條2項1款,腳踏自行車及電動輔助自行車駕駛人附載幼童，駕駛人未滿十八歲（可勸導）,300~600,(無)
76條2項2款,腳踏自行車及電動輔助自行車駕駛人附載之幼童年齡或體重超過規定（可勸導）,300~600,(無)
76條2項3款,腳踏自行車及電動輔助自行車駕駛人附載幼童，不依規定使用合格之兒童座椅、腳踏自行車或電動輔助自行車（可勸導）,300~600,(無)
76條2項4款,腳踏自行車及電動輔助自行車駕駛人違反第七十六條第二項、第一款至第三款以外附載幼童之規定（可勸導）,300~600,(無)
78條1款,行人不依標誌、標線、號誌之指示或警察指揮,300,(無)
78條2款,行人不在劃設之人行道通行或無正當理由在未劃設人行道之道路不靠邊通行,300,(無)
78條3款,行人不依規定，擅自穿越車道,300,(無)
78條4款,行人於交通頻繁之道路或鐵路平交道附近任意奔跑、追逐、嬉遊或坐、臥、蹲、立，足以阻礙交通,300,(無)
80條1款,行人不遵守鐵路平交道看守人員指示，或遮斷器開始放下，或警鈴已響、閃光號誌已顯示，仍強行闖越,2400,(無)
80條2款,行人在無看守人員管理或無遮斷器、警鈴及閃光號誌設備之鐵路平交道，不依規定暫停、看、聽，有無火車駛來逕行通過,2400,(無)
81條,行人在車輛行駛中，攀登、跳車或攀附隨行（可勸導）,500,(無)
81-1條,於鐵路、公路車站或其他交通頻繁處所，違規攬客或妨害交通秩序,1500,2次以上處3000
82條1項1款,在道路堆積、置放、設置或拋擲足以妨礙交通之物（可勸導）,1200~2400,"第二項：除責令行為人即時停止並消除障礙妨礙交通之物，經勸導行為人不即時清除或行為人不在場，視同廢棄物，依廢棄物法令清除之。
第三項：高速公路或高速公路兩旁，有第一項第一款、第二款情事者，處新臺幣三千元以上六千元以下罰鍰；致發生交通事故者，加倍處罰。
第四項：在行人穿越道致人受傷或死亡者，加倍處罰。"
82條1項2款,在道路兩旁附近燃燒物品，發生濃煙，足以妨礙行車視線,1200~2400,"除責令行為人即時停止並消除障礙。
第三項：高速公路或高速公路兩旁，有第一項第一款、第二款情事者，處新臺幣三千元以上六千元以下罰鍰；致發生交通事故者，加倍處罰。
第四項：在行人穿越道致人受傷或死亡者，加倍處罰。"
82條1項3款,利用道路為工作場所,1200~2400,"除責令行為人即時停止並消除障礙。
第四項：在行人穿越道致人受傷或死亡者，加倍處罰。"
82條1項4款,利用道路放置拖車、貨櫃或動力機械,1200~2400,"除責令行為人即時停止並消除障礙。
第四項：在行人穿越道致人受傷或死亡者，加倍處罰。"
82條1項5款,興修房屋使用道路未經許可，或經許可超出限制,1200~2400,"除責令行為人即時停止並消除障礙。
第四項：在行人穿越道致人受傷或死亡者，加倍處罰。"
82條1項6款,經主管機關許可挖掘道路而不依規定樹立警告標誌，或於事後未將障礙物清除,1200~2400,"除責令行為人即時停止並消除障礙。
第四項：在行人穿越道致人受傷或死亡者，加倍處罰。"
82條1項7款,擅自設置或變更道路交通標誌、標線、號誌或其類似之標識,1200~2400,"除責令行為人即時停止並消除障礙。
第四項：在行人穿越道致人受傷或死亡者，加倍處罰。"
82條1項8款,未經許可在道路設置石碑、廣告牌、綵坊或其他類似物,1200~2400,"除責令行為人即時停止並消除障礙廣告牌，經勸導行為人不即時清除或行為人不在場，視同廢棄物，依廢棄物法令清除之。
第四項：在行人穿越道致人受傷或死亡者，加倍處罰。
"
82條1項9款,未經許可在道路舉行賽會或擺設筵席、演戲、拍攝電影或其他類似行為,1200~2400,"除責令行為人即時停止並消除障礙。
第四項：在行人穿越道致人受傷或死亡者，加倍處罰。"
82條1項10款,未經許可在道路擺設攤位,1200~2400,"除責令行為人即時停止並消除障礙，攤架、攤棚得沒入之。
第四項：在行人穿越道致人受傷或死亡者，加倍處罰。"
82條1項11款,交通勤務之警察、依法令執行指揮交通、交通稽查任務及各級學校交通服務隊現場導護人員以外之人員，於道路上攔阻人、車通行，妨礙交通,1200~2400,第四項：在行人穿越道致人受傷或死亡者，加倍處罰。
83條1款,不聽勸阻，在車道或交通島上散發廣告物、宣傳單、或其他相類之物,300~600,並責令撤除。
83條2款,不聽勸阻，在車道上、車站內、高速公路服務區休息站，任意販賣物品妨礙交通,300~600,並責令撤除。
84條,疏縱或牽繫禽、畜在道路奔走，妨害交通（可勸導）,300~600,(無)
